code,freeflow_min
E01007317,34.4
E01007318,33.1
E01007319,34.3
E01007320,32.7
E01007321,33.8
E01007322,32.4
E01007323,31.3
E01007324,29.6
E01007325,30.5
E01007326,31.3
E01007327,31.4
E01007328,40.4
E01007329,35.2
E01007330,37.9
E01007331,35.8
E01007332,38.4
E01007333,39.9
E01007334,32.2
E01007335,32.3
E01007336,30.5
E01007337,32.0
E01007338,31.7
E01007339,31.1
E01007340,30.9
E01007341,37.5
E01007342,36.1
E01007343,36.0
E01007344,34.2
E01007345,35.7
E01007346,34.7
E01007347,36.6
E01007354,40.8
E01007355,27.3
E01007356,27.9
E01007357,27.7
E01007358,25.7
E01007359,25.2
E01007360,25.3
E01007361,27.5
E01007362,28.4
E01007363,29.1
E01007379,27.9
E01007380,27.6
E01007381,28.1
E01007382,27.7
E01007383,30.2
E01007384,29.1
E01007385,30.8
E01007386,25.6
E01007387,28.2
E01007400,31.7
E01007402,35.0
E01007403,34.4
E01007404,34.8
E01007405,34.0
E01007406,34.1
E01007408,29.2
E01007409,29.7
E01007410,31.5
E01007411,29.8
E01007413,31.8
E01007414,31.3
E01007415,30.2
E01007416,34.8
E01007417,31.0
E01007418,27.8
E01007419,31.5
E01007420,31.3
E01007425,35.4
E01007433,33.1
E01007434,32.3
E01007435,31.7
E01007436,32.0
E01007437,32.2
E01007438,30.4
E01007439,30.4
E01007440,31.8
E01007441,29.9
E01007442,28.7
E01007443,30.6
E01007444,29.5
E01007445,30.9
E01007446,29.4
E01007459,34.1
E01007460,33.0
E01007461,33.2
E01007462,35.1
E01010568,32.7
E01010569,34.0
E01010570,37.3
E01010571,32.7
E01010572,33.6
E01010573,36.0
E01010574,33.7
E01010575,34.8
E01010576,31.0
E01010577,35.2
E01010578,39.8
E01010579,40.6
E01010580,39.8
E01010581,38.7
E01010582,38.8
E01010583,36.2
E01010584,37.8
E01010585,38.0
E01010586,40.5
E01010587,36.7
E01010588,36.3
E01010589,38.8
E01010590,40.2
E01010591,37.3
E01010592,40.4
E01010593,37.3
E01010594,40.6
E01010595,39.6
E01010596,36.8
E01010597,27.5
E01010598,25.0
E01010599,26.1
E01010600,27.0
E01010601,24.2
E01010602,25.3
E01010603,27.1
E01010604,27.3
E01010605,26.1
E01010606,23.5
E01010607,23.1
E01010608,23.9
E01010609,22.8
E01010610,21.3
E01010611,22.3
E01010612,22.5
E01010613,23.5
E01010614,22.3
E01010615,22.0
E01010616,21.9
E01010617,25.0
E01010618,20.1
E01010619,20.2
E01010620,22.4
E01010621,22.1
E01010622,22.1
E01010623,20.9
E01010624,22.7
E01010625,21.4
E01010626,21.8
E01010627,19.5
E01010628,29.2
E01010629,30.3
E01010630,28.4
E01010631,32.1
E01010632,30.2
E01010633,27.6
E01010634,29.4
E01010635,27.6
E01010636,29.7
E01010637,28.5
E01010638,47.0
E01010639,47.3
E01010640,47.0
E01010641,48.3
E01010642,48.1
E01010643,47.8
E01010645,49.6
E01010646,43.3
E01010647,44.5
E01010648,44.5
E01010649,25.6
E01010650,26.5
E01010651,24.0
E01010652,24.7
E01010653,25.3
E01010654,24.4
E01010655,26.0
E01010656,25.5
E01010657,25.4
E01010658,25.8
E01010659,26.4
E01010662,26.4
E01010663,24.4
E01010664,26.4
E01010665,25.6
E01010666,23.6
E01010667,24.7
E01010668,25.2
E01010669,33.0
E01010670,30.0
E01010671,31.4
E01010672,35.6
E01010673,29.5
E01010674,31.7
E01010675,31.5
E01010676,28.8
E01010678,33.6
E01010679,27.8
E01010680,26.2
E01010681,27.4
E01010682,24.8
E01010683,25.4
E01010684,26.5
E01010685,25.7
E01010686,28.2
E01010687,29.3
E01010688,25.1
E01010689,23.6
E01010690,26.3
E01010691,35.9
E01010692,38.3
E01010693,40.1
E01010694,38.2
E01010695,36.8
E01010696,34.5
E01010697,38.4
E01010698,35.9
E01010699,35.6
E01010700,42.4
E01010701,43.2
E01010702,44.5
E01010703,42.3
E01010704,43.6
E01010705,43.7
E01010706,40.6
E01010707,43.4
E01010708,43.5
E01010709,42.9
E01010710,44.6
E01010711,45.1
E01010712,46.4
E01010713,45.0
E01010714,46.0
E01010715,48.1
E01010716,45.5
E01010717,46.9
E01010718,48.7
E01010719,45.5
E01010720,45.9
E01010721,47.1
E01010722,47.2
E01010723,44.9
E01010724,46.4
E01010725,46.3
E01010726,47.9
E01010727,45.1
E01010728,44.9
E01010729,46.0
E01010730,24.7
E01010731,24.6
E01010732,23.1
E01010733,23.7
E01010734,24.0
E01010735,23.8
E01010736,23.8
E01010737,22.8
E01010738,23.3
E01010739,23.2
E01010740,22.5
E01010741,22.3
E01010742,22.6
E01010743,22.6
E01010744,21.7
E01010745,21.8
E01010746,20.8
E01010747,20.3
E01010748,21.5
E01010749,22.6
E01010750,21.2
E01010751,22.7
E01010752,29.8
E01010753,31.9
E01010754,31.6
E01010755,27.1
E01010756,30.5
E01010758,33.3
E01010759,31.3
E01010760,32.7
E01010761,27.0
E01010762,25.9
E01010763,26.0
E01010764,38.2
E01010765,41.4
E01010766,39.1
E01010767,30.8
E01010768,30.8
E01010769,29.8
E01010770,32.4
E01010771,32.1
E01010772,30.2
E01010773,30.7
E01010774,32.2
E01010775,27.7
E01010776,29.3
E01010777,30.6
E01010778,28.9
E01010779,28.8
E01010781,29.4
E01010782,30.1
E01010783,28.4
E01010784,34.0
E01010785,32.9
E01010786,34.6
E01010787,32.8
E01010788,31.9
E01010789,31.0
E01010790,34.9
E01010791,30.2
E01010792,29.5
E01010793,28.9
E01010794,32.7
E01010795,34.5
E01010796,32.6
E01010797,35.1
E01010798,33.9
E01010799,31.9
E01010800,31.6
E01010801,30.5
E01010802,32.7
E01010803,28.2
E01010804,30.3
E01010805,30.0
E01010806,30.5
E01010807,29.6
E01010808,29.7
E01010809,29.5
E01010810,28.4
E01010811,29.4
E01010812,28.7
E01010813,28.6
E01010814,19.5
E01010815,22.3
E01010816,22.2
E01010817,21.9
E01010818,20.7
E01010819,21.8
E01010820,21.2
E01010821,22.6
E01010822,21.5
E01010824,28.0
E01010825,23.1
E01010826,22.9
E01010827,21.9
E01010828,23.3
E01010829,24.7
E01010830,25.2
E01010831,23.8
E01010832,22.9
E01010833,27.6
E01010834,25.7
E01010836,25.6
E01010837,26.2
E01010838,24.9
E01010839,24.9
E01010840,28.7
E01010841,27.7
E01010842,27.7
E01010843,28.3
E01010845,26.1
E01010846,25.5
E01010847,23.9
E01010848,23.5
E01010849,24.0
E01010850,26.3
E01010851,24.1
E01010852,22.5
E01010853,24.0
E01010854,44.2
E01010855,45.5
E01010856,44.1
E01010857,46.0
E01010858,43.5
E01010859,48.1
E01010860,48.6
E01010861,44.5
E01010862,48.0
E01010863,48.1
E01010864,25.1
E01010865,19.7
E01010866,20.4
E01010867,24.1
E01010868,21.8
E01010869,20.9
E01010870,19.5
E01010871,20.8
E01010872,19.7
E01010873,19.4
E01010874,25.1
E01010875,25.9
E01010876,24.0
E01010877,23.8
E01010878,22.9
E01010879,21.8
E01010880,24.6
E01010889,28.8
E01010890,27.7
E01010891,27.5
E01010892,28.3
E01010893,28.5
E01010894,27.9
E01010895,26.7
E01010896,30.6
E01010897,34.6
E01010898,29.6
E01010899,31.4
E01010900,31.0
E01010901,29.6
E01010902,31.0
E01010903,29.7
E01010904,26.0
E01010905,22.5
E01010906,21.9
E01010907,23.6
E01010908,21.2
E01010909,23.6
E01010910,23.1
E01010911,35.5
E01010912,35.6
E01010913,36.9
E01010914,34.3
E01010915,35.5
E01010916,34.0
E01010917,41.0
E01010920,42.2
E01010921,39.1
E01010922,37.1
E01010924,34.1
E01010925,36.3
E01010926,37.3
E01010927,34.4
E01010928,32.5
E01010929,31.0
E01010930,32.0
E01010931,28.0
E01010932,25.8
E01010933,26.9
E01010934,27.9
E01010935,27.1
E01010936,28.2
E01010937,26.8
E01010938,30.4
E01010939,31.9
E01010940,31.4
E01010941,32.4
E01010942,32.0
E01010943,31.3
E01010944,31.2
E01010945,24.7
E01010946,23.9
E01010947,24.5
E01010948,26.3
E01010949,22.9
E01010950,23.3
E01010951,24.3
E01010952,37.6
E01010953,34.6
E01010956,40.1
E01010957,40.5
E01010958,39.0
E01010959,38.0
E01010960,29.8
E01010961,31.0
E01010964,31.2
E01010965,29.9
E01010966,30.0
E01010967,29.1
E01010968,31.0
E01010969,31.5
E01010970,31.4
E01010971,32.5
E01010972,31.8
E01010973,31.1
E01010974,30.2
E01010975,32.0
E01010976,33.5
E01010977,32.5
E01010978,36.2
E01010979,35.5
E01010980,35.0
E01010981,33.8
E01010989,30.2
E01010990,28.2
E01010991,29.5
E01010992,31.5
E01010993,32.2
E01010995,29.7
E01010996,30.4
E01010997,35.4
E01010998,32.9
E01010999,34.0
E01011000,32.6
E01011001,31.5
E01011002,32.2
E01011003,31.2
E01011004,31.2
E01011005,30.4
E01011006,30.2
E01011007,30.7
E01011008,30.5
E01011009,33.3
E01011010,32.4
E01011011,33.4
E01011012,29.6
E01011013,16.9
E01011014,18.9
E01011015,20.5
E01011016,20.7
E01011017,21.4
E01011018,22.3
E01011019,21.4
E01011020,22.1
E01011021,19.8
E01011022,20.5
E01011023,20.6
E01011024,19.6
E01011025,22.2
E01011026,20.6
E01011027,16.9
E01011028,17.9
E01011029,18.7
E01011030,17.7
E01011031,17.8
E01011032,20.2
E01011033,20.0
E01011034,20.9
E01011035,21.1
E01011036,19.8
E01011037,20.6
E01011038,29.0
E01011039,28.4
E01011040,29.1
E01011041,28.1
E01011042,30.0
E01011043,29.3
E01011044,28.2
E01011045,28.7
E01011046,27.3
E01011047,28.6
E01011048,15.7
E01011049,15.5
E01011050,16.0
E01011051,18.0
E01011052,16.6
E01011053,15.3
E01011054,16.3
E01011055,18.3
E01011056,19.2
E01011057,19.0
E01011058,16.9
E01011059,14.7
E01011060,18.3
E01011061,17.8
E01011062,22.8
E01011063,19.1
E01011064,19.0
E01011065,19.2
E01011066,20.4
E01011067,21.2
E01011068,16.6
E01011069,19.1
E01011070,34.6
E01011071,37.1
E01011072,36.1
E01011073,36.6
E01011077,34.7
E01011078,36.3
E01011079,33.1
E01011080,32.2
E01011081,33.4
E01011082,31.2
E01011083,33.9
E01011084,34.3
E01011085,34.7
E01011086,37.7
E01011087,37.7
E01011088,38.8
E01011089,26.2
E01011090,27.1
E01011091,26.0
E01011092,27.3
E01011093,30.4
E01011094,28.7
E01011095,29.2
E01011096,29.3
E01011097,28.7
E01011098,29.3
E01011099,28.8
E01011100,23.7
E01011101,25.8
E01011102,26.0
E01011103,23.8
E01011104,25.0
E01011105,28.1
E01011106,27.1
E01011107,28.7
E01011108,24.3
E01011109,31.4
E01011110,28.1
E01011111,27.3
E01011112,27.6
E01011113,30.8
E01011114,30.0
E01011115,32.6
E01011116,31.4
E01011117,34.4
E01011118,33.9
E01011119,27.9
E01011120,35.5
E01011121,20.3
E01011122,19.9
E01011123,21.0
E01011124,21.2
E01011125,19.8
E01011126,18.7
E01011127,20.6
E01011128,22.4
E01011129,20.9
E01011130,23.0
E01011132,27.5
E01011133,28.1
E01011134,27.1
E01011136,21.9
E01011137,22.2
E01011138,23.6
E01011139,23.7
E01011140,24.0
E01011141,24.9
E01011142,25.6
E01011143,26.9
E01011144,26.1
E01011145,32.1
E01011146,32.6
E01011147,32.2
E01011148,31.5
E01011149,31.4
E01011150,31.0
E01011151,33.2
E01011152,33.3
E01011153,33.0
E01011154,33.5
E01011155,29.9
E01011156,21.2
E01011157,20.0
E01011158,21.8
E01011159,22.7
E01011160,22.4
E01011161,21.1
E01011162,22.0
E01011163,18.6
E01011164,18.8
E01011165,19.2
E01011166,18.9
E01011167,20.1
E01011169,39.4
E01011170,40.5
E01011173,40.6
E01011176,38.1
E01011179,45.0
E01011184,42.4
E01011185,41.3
E01011186,42.0
E01011187,41.7
E01011188,45.5
E01011189,41.8
E01011190,33.0
E01011191,32.8
E01011192,33.4
E01011193,28.8
E01011194,32.3
E01011195,35.3
E01011196,34.9
E01011197,35.5
E01011198,38.4
E01011199,36.4
E01011200,30.1
E01011201,27.0
E01011202,27.9
E01011203,27.4
E01011204,27.2
E01011205,29.2
E01011206,27.7
E01011207,28.8
E01011208,27.7
E01011210,25.4
E01011211,27.7
E01011212,24.9
E01011213,26.0
E01011214,25.3
E01011215,25.6
E01011216,22.3
E01011217,23.0
E01011218,24.3
E01011219,23.9
E01011220,25.2
E01011221,24.9
E01011222,35.6
E01011223,32.4
E01011224,32.7
E01011225,32.5
E01011226,33.8
E01011227,34.6
E01011228,36.0
E01011229,30.0
E01011230,33.0
E01011231,28.4
E01011232,29.4
E01011233,29.3
E01011234,29.5
E01011235,30.9
E01011236,29.0
E01011237,29.9
E01011238,28.2
E01011239,28.1
E01011240,28.5
E01011241,17.9
E01011242,18.8
E01011243,17.5
E01011244,18.4
E01011245,18.9
E01011246,20.1
E01011247,21.6
E01011248,20.8
E01011249,22.2
E01011250,19.6
E01011251,23.0
E01011252,29.3
E01011253,28.9
E01011254,27.2
E01011255,27.9
E01011256,28.0
E01011257,23.5
E01011258,24.3
E01011259,25.4
E01011260,26.6
E01011261,25.6
E01011262,26.4
E01011263,26.8
E01011264,23.9
E01011265,27.5
E01011266,29.7
E01011267,25.8
E01011268,25.2
E01011269,23.8
E01011270,28.9
E01011271,27.2
E01011272,25.0
E01011273,24.2
E01011274,23.3
E01011275,23.2
E01011276,23.3
E01011277,24.2
E01011278,21.6
E01011279,26.5
E01011280,28.4
E01011281,12.9
E01011282,13.8
E01011283,12.4
E01011284,9.9
E01011286,13.2
E01011287,15.0
E01011292,9.9
E01011293,9.9
E01011294,9.3
E01011295,13.8
E01011296,17.0
E01011297,17.0
E01011298,19.8
E01011299,22.5
E01011300,17.0
E01011301,17.4
E01011302,19.2
E01011303,19.9
E01011304,19.5
E01011305,19.8
E01011306,19.1
E01011307,20.8
E01011308,18.7
E01011309,19.1
E01011310,17.1
E01011311,15.3
E01011312,8.5
E01011313,9.3
E01011314,9.6
E01011315,8.8
E01011316,8.7
E01011317,10.1
E01011318,11.5
E01011319,9.5
E01011320,9.8
E01011321,10.5
E01011322,10.3
E01011323,15.3
E01011324,14.0
E01011325,15.2
E01011326,15.0
E01011327,17.7
E01011328,17.6
E01011329,16.0
E01011330,16.6
E01011331,15.3
E01011332,14.1
E01011333,16.5
E01011334,14.9
E01011335,17.1
E01011336,14.0
E01011337,16.2
E01011338,4.0
E01011339,8.3
E01011340,6.3
E01011341,7.4
E01011342,7.3
E01011343,9.0
E01011344,6.4
E01011345,10.5
E01011346,6.5
E01011347,5.7
E01011348,5.4
E01011349,4.3
E01011350,8.0
E01011351,8.6
E01011352,7.7
E01011353,8.2
E01011354,9.0
E01011355,6.9
E01011356,6.2
E01011357,5.9
E01011358,6.7
E01011359,6.7
E01011360,5.3
E01011361,5.8
E01011362,8.6
E01011363,8.6
E01011364,7.4
E01011366,8.8
E01011368,8.5
E01011369,8.5
E01011370,8.9
E01011371,7.3
E01011372,8.1
E01011373,8.2
E01011374,7.5
E01011375,8.9
E01011376,17.9
E01011377,18.2
E01011378,16.7
E01011379,16.1
E01011380,14.3
E01011381,16.1
E01011382,18.5
E01011383,14.6
E01011384,17.3
E01011385,13.4
E01011386,13.9
E01011388,16.1
E01011390,15.8
E01011391,16.4
E01011392,17.4
E01011393,19.0
E01011394,19.4
E01011395,18.4
E01011396,15.7
E01011397,17.6
E01011398,18.1
E01011399,14.9
E01011400,16.7
E01011401,17.3
E01011402,14.8
E01011403,16.5
E01011404,18.4
E01011405,16.8
E01011406,11.3
E01011407,12.4
E01011408,12.6
E01011409,10.7
E01011410,13.2
E01011411,11.4
E01011412,12.2
E01011413,10.6
E01011414,10.2
E01011415,8.1
E01011416,9.5
E01011417,8.9
E01011418,11.8
E01011419,12.6
E01011420,10.5
E01011421,8.3
E01011422,6.2
E01011423,8.8
E01011424,8.4
E01011425,9.4
E01011426,6.2
E01011427,7.3
E01011428,5.8
E01011429,4.9
E01011430,6.6
E01011431,7.6
E01011432,6.2
E01011433,6.1
E01011434,5.8
E01011435,9.8
E01011440,10.4
E01011441,9.8
E01011442,8.5
E01011443,7.2
E01011444,7.8
E01011445,8.4
E01011446,8.7
E01011447,9.2
E01011448,8.4
E01011449,9.4
E01011450,7.4
E01011451,8.8
E01011452,17.8
E01011453,15.4
E01011454,16.8
E01011455,19.7
E01011456,17.5
E01011457,20.3
E01011458,19.8
E01011459,17.8
E01011460,16.4
E01011461,17.9
E01011462,16.3
E01011463,15.1
E01011464,14.5
E01011465,15.7
E01011466,10.5
E01011467,5.8
E01011468,6.2
E01011469,9.9
E01011470,8.8
E01011471,7.6
E01011472,7.5
E01011473,9.0
E01011474,9.2
E01011475,10.9
E01011476,10.5
E01011477,11.3
E01011478,10.0
E01011479,10.0
E01011480,10.6
E01011481,8.5
E01011482,9.8
E01011483,8.3
E01011484,14.4
E01011485,13.5
E01011488,11.7
E01011489,11.9
E01011491,14.1
E01011492,13.8
E01011493,14.1
E01011494,14.0
E01011496,13.9
E01011497,15.3
E01011500,14.3
E01011502,11.6
E01011504,10.2
E01011505,9.9
E01011506,9.2
E01011507,8.2
E01011508,11.8
E01011509,11.9
E01011510,10.2
E01011511,11.0
E01011512,10.7
E01011513,11.1
E01011514,9.0
E01011515,9.3
E01011516,10.1
E01011517,10.7
E01011518,11.3
E01011519,14.6
E01011520,14.3
E01011521,15.6
E01011522,12.5
E01011523,14.0
E01011524,11.4
E01011525,13.5
E01011526,13.3
E01011527,15.3
E01011528,14.0
E01011529,15.3
E01011530,16.6
E01011531,13.4
E01011532,13.5
E01011533,13.9
E01011534,15.7
E01011535,16.8
E01011536,17.4
E01011537,14.2
E01011538,15.4
E01011540,12.9
E01011541,15.3
E01011545,16.6
E01011546,16.4
E01011547,15.9
E01011548,14.9
E01011549,15.1
E01011550,14.8
E01011551,16.5
E01011552,15.6
E01011553,15.6
E01011554,12.5
E01011555,12.9
E01011556,11.7
E01011557,11.6
E01011558,11.9
E01011559,11.7
E01011560,11.7
E01011561,13.6
E01011562,13.6
E01011563,14.4
E01011564,14.1
E01011565,12.8
E01011566,13.7
E01011567,13.0
E01011568,12.8
E01011569,26.2
E01011570,23.1
E01011571,26.2
E01011572,26.0
E01011573,27.5
E01011574,26.5
E01011576,20.3
E01011578,22.0
E01011579,22.2
E01011580,21.8
E01011581,29.4
E01011582,30.4
E01011583,29.0
E01011584,28.2
E01011585,16.9
E01011586,18.8
E01011587,16.3
E01011588,20.8
E01011589,20.9
E01011590,22.2
E01011591,17.9
E01011592,20.5
E01011593,19.0
E01011594,19.3
E01011595,18.5
E01011596,19.2
E01011597,17.9
E01011598,18.2
E01011599,19.4
E01011600,18.0
E01011601,17.7
E01011602,18.8
E01011603,18.5
E01011604,18.3
E01011605,18.9
E01011606,22.1
E01011607,17.2
E01011608,14.8
E01011609,15.0
E01011610,16.1
E01011611,15.3
E01011612,16.8
E01011613,19.4
E01011614,16.3
E01011615,5.2
E01011616,7.6
E01011617,6.1
E01011618,4.5
E01011620,8.7
E01011621,7.2
E01011622,9.5
E01011623,5.2
E01011624,9.0
E01011625,4.9
E01011626,4.2
E01011627,12.2
E01011628,12.2
E01011629,12.7
E01011630,10.8
E01011632,12.5
E01011633,13.9
E01011634,12.9
E01011635,14.1
E01011636,14.2
E01011637,14.9
E01011638,14.0
E01011639,12.3
E01011641,9.8
E01011642,7.6
E01011643,9.1
E01011644,9.4
E01011645,7.5
E01011646,8.4
E01011647,6.7
E01011648,7.3
E01011649,15.0
E01011650,11.4
E01011651,12.7
E01011652,11.0
E01011653,10.3
E01011654,10.5
E01011655,9.7
E01011656,12.9
E01011657,11.9
E01011658,9.9
E01011659,11.7
E01011660,12.0
E01011661,11.9
E01011662,9.3
E01011663,10.1
E01011664,10.4
E01011665,10.2
E01011666,10.0
E01011667,9.3
E01011668,6.7
E01011669,6.5
E01011670,5.5
E01011671,4.8
E01011673,4.7
E01011677,5.8
E01011678,6.7
E01011681,8.2
E01011684,13.5
E01011685,11.5
E01011686,13.7
E01011687,12.3
E01011688,9.3
E01011689,9.2
E01011690,10.2
E01011691,7.8
E01011692,9.2
E01011693,8.4
E01011694,9.7
E01011695,14.7
E01011696,21.2
E01011697,30.0
E01011698,28.4
E01011699,28.7
E01011700,27.8
E01011701,29.4
E01011702,28.2
E01011703,29.0
E01011704,26.3
E01011705,27.4
E01011706,23.2
E01011707,24.9
E01011708,20.3
E01011709,26.6
E01011710,24.5
E01011711,26.9
E01011712,22.5
E01011713,18.3
E01011714,13.8
E01011715,14.8
E01011716,11.7
E01011717,13.3
E01011718,12.8
E01011719,15.7
E01011720,11.5
E01011721,13.1
E01011722,13.1
E01011723,12.6
E01011724,11.2
E01011725,12.4
E01011726,12.7
E01011727,13.3
E01011728,13.6
E01011729,11.0
E01011730,11.5
E01011731,11.3
E01011732,10.1
E01011733,10.2
E01011734,10.4
E01011735,12.8
E01011736,10.5
E01011737,11.2
E01011738,12.8
E01011739,13.5
E01011740,25.5
E01011741,25.9
E01011742,24.1
E01011743,24.6
E01011744,24.0
E01011745,27.7
E01011746,26.1
E01011747,25.0
E01011748,21.7
E01011750,23.3
E01011751,25.0
E01011752,23.5
E01011753,22.9
E01011754,24.2
E01011755,21.6
E01011756,23.1
E01011757,19.8
E01011758,18.6
E01011759,20.3
E01011761,21.4
E01011762,23.0
E01011763,22.9
E01011764,21.3
E01011765,27.6
E01011766,28.8
E01011767,29.6
E01011768,31.1
E01011770,31.7
E01011771,34.2
E01011772,32.8
E01011773,26.6
E01011774,25.6
E01011776,22.6
E01011777,21.7
E01011778,22.8
E01011779,26.5
E01011780,24.4
E01011781,24.6
E01011782,26.7
E01011783,25.1
E01011784,37.1
E01011785,31.5
E01011786,33.7
E01011787,34.0
E01011788,35.7
E01011789,36.0
E01011790,35.8
E01011791,32.5
E01011792,32.9
E01011793,18.7
E01011794,20.5
E01011795,19.4
E01011796,20.6
E01011797,21.0
E01011798,21.9
E01011799,22.4
E01011800,23.3
E01011801,21.8
E01011802,21.4
E01011803,25.5
E01011804,25.4
E01011805,28.0
E01011806,25.8
E01011807,28.5
E01011808,27.1
E01011809,26.5
E01011810,29.7
E01011811,27.3
E01011812,21.3
E01011813,21.9
E01011814,20.9
E01011815,23.3
E01011816,22.8
E01011817,25.9
E01011818,25.8
E01011819,20.1
E01011820,18.6
E01011821,20.1
E01011822,21.2
E01011823,19.6
E01011824,19.4
E01011825,19.3
E01011826,19.2
E01011827,18.3
E01011828,18.0
E01011829,20.5
E01011830,19.1
E01011831,19.5
E01011832,19.7
E01011833,20.3
E01011834,23.1
E01011835,26.0
E01011836,24.9
E01011837,25.7
E01011838,24.6
E01011839,26.9
E01011840,26.3
E01011841,23.2
E01011842,25.7
E01011843,27.0
E01011844,24.7
E01011845,25.8
E01011846,25.1
E01011847,25.9
E01011848,26.7
E01011849,25.8
E01011850,26.6
E01011851,23.9
E01011852,28.3
E01011853,26.7
E01011854,34.1
E01011855,36.3
E01011856,34.7
E01011857,32.3
E01011858,35.4
E01011859,36.2
E01011860,36.0
E01011861,37.8
E01011862,39.1
E01011863,38.2
E01011864,38.0
E01011865,37.4
E01011866,39.3
E01011867,36.0
E01011868,38.5
E01011869,38.7
E01011870,37.1
E01011871,38.5
E01011872,38.6
E01011873,16.1
E01011874,21.3
E01011875,15.1
E01011876,17.3
E01011877,17.6
E01011878,17.5
E01011879,22.0
E01011880,18.9
E01011881,18.2
E01011882,22.1
E01011883,21.3
E01011884,16.5
E01011885,14.6
E01011886,16.3
E01011887,15.2
E01011888,16.2
E01011889,18.6
E01011890,17.2
E01011891,16.6
E01011892,19.0
E01011893,17.2
E01011894,17.5
E01011895,18.4
E01011896,17.6
E01011897,17.8
E01011898,21.7
E01011899,18.3
E01011900,21.0
E01011901,19.6
E01011902,21.3
E01011903,19.2
E01011904,19.6
E01011905,21.2
E01011906,22.8
E01011907,19.8
E01011908,21.4
E01011909,19.4
E01011910,19.8
E01011911,21.3
E01011912,17.6
E01011913,18.7
E01011914,20.6
E01011915,20.0
E01011917,21.3
E01011918,17.0
E01011919,20.7
E01011920,19.4
E01011921,18.5
E01011922,17.8
E01011923,16.4
E01011924,19.5
E01011925,20.3
E01011926,20.3
E01011927,19.6
E01011928,26.6
E01011929,21.6
E01011930,18.6
E01011931,24.6
E01011932,23.2
E01011933,22.1
E01011934,21.1
E01011935,28.2
E01011936,23.1
E01011937,18.9
E01011938,26.1
E01011939,23.0
E01011940,22.5
E01011941,27.2
E01011942,29.0
E01011943,21.9
E01011944,23.5
E01011945,23.0
E01011946,25.5
E01011947,24.9
E01011948,24.9
E01013421,32.4
E01013423,31.0
E01013424,31.9
E01013425,32.1
E01027638,35.0
E01027639,35.7
E01027640,34.4
E01027641,35.3
E01027646,38.7
E01027648,34.8
E01027649,34.4
E01027650,33.5
E01027651,32.5
E01027652,31.6
E01027653,31.3
E01027654,33.7
E01027655,33.0
E01027656,32.3
E01027657,32.9
E01027658,33.2
E01027659,32.7
E01027660,31.1
E01027661,31.9
E01027662,30.6
E01027663,31.6
E01027665,34.6
E01027668,33.5
E01027669,32.7
E01027670,34.1
E01027671,32.2
E01027672,33.8
E01027673,32.1
E01027674,36.4
E01027675,35.0
E01027676,34.5
E01027677,32.5
E01027678,31.8
E01027679,32.2
E01027680,31.4
E01027682,39.5
E01027683,36.2
E01027684,33.0
E01027689,32.9
E01027690,34.1
E01027691,34.1
E01027692,32.9
E01027694,41.5
E01027696,38.3
E01027697,28.4
E01027698,28.1
E01027699,25.3
E01027700,24.9
E01027703,31.2
E01027704,28.6
E01027716,28.0
E01027717,29.9
E01027718,29.9
E01027719,29.0
E01027720,34.4
E01027721,34.0
E01027722,35.5
E01027723,34.0
E01027724,25.8
E01027725,32.3
E01027726,34.1
E01027727,34.0
E01027728,31.5
E01027729,33.5
E01027730,29.1
E01027731,28.4
E01027732,29.2
E01027733,30.9
E01027734,28.0
E01027735,36.4
E01027738,34.7
E01027739,33.8
E01027740,34.0
E01027741,35.5
E01027875,34.0
E01027880,34.7
E01027881,36.0
E01027886,36.2
E01027887,41.1
E01027888,28.9
E01027889,33.0
E01027890,30.3
E01027891,26.5
E01027892,25.2
E01027893,30.0
E01027894,33.9
E01027895,34.7
E01027899,26.0
E01027904,32.9
E01027913,35.8
E01027914,25.8
E01027915,26.8
E01027916,26.4
E01027918,27.2
E01027919,25.1
E01027920,27.5
E01027921,25.6
E01027922,24.6
E01027923,31.1
E01027924,36.8
E01032487,14.0
E01032488,12.6
E01032489,15.0
E01032490,13.9
E01032491,14.8
E01032492,14.7
E01032493,14.9
E01032494,15.1
E01032496,13.5
E01032497,11.8
E01032498,12.5
E01032499,11.9
E01032500,10.7
E01032501,17.7
E01032502,17.5
E01032503,22.1
E01032504,19.1
E01032551,29.0
E01032606,13.3
E01032607,11.1
E01032608,11.2
E01032876,11.6
E01032923,28.2
E01032946,8.3
E01033002,3.7
E01033003,4.4
E01033008,5.6
E01033010,4.2
E01033011,2.3
E01033013,7.4
E01033015,7.5
E01033016,3.4
E01033021,4.5
E01033031,3.7
E01033033,2.8
E01033034,4.8
E01033035,4.2
E01033689,31.6
E01033690,26.5
E01033691,26.4
E01033692,24.2
E01033693,27.4
E01033694,32.3
E01033695,27.3
E01033696,27.8
E01033697,25.0
E01033898,31.0
E01033899,31.4
E01033900,26.5
E01033901,26.2
E01034258,30.1
E01034259,30.8
E01034260,22.2
E01034261,22.1
E01034262,22.5
E01034263,22.3
E01034264,19.4
E01034265,19.3
E01034266,20.6
E01034267,20.7
E01034268,19.0
E01034269,32.0
E01034270,30.9
E01034582,28.4
E01034583,29.9
E01034584,22.4
E01034585,23.9
E01034586,25.4
E01034587,26.0
E01034588,40.2
E01034963,36.0
E01034964,31.9
E01034975,28.6
E01034976,26.7
E01034977,26.5
E01034978,26.2
E01035040,11.2
E01035041,10.3
E01035042,5.9
E01035043,6.0
E01035044,7.7
E01035045,7.6
E01035046,7.1
E01035047,7.5
E01035048,12.1
E01035049,12.2
E01035050,13.1
E01035051,13.0
E01035052,15.2
E01035053,16.5
E01035054,3.3
